{
    "Modules": {
        "std": {
            "Compiled Times": 20,
            "start_perf": [
                0.18231598241254687,
                0.065291000000000002,
                0.034152000000000002,
                173576,
                185864,
                1669022036.6998501
            ],
            "Compiled": "Yes",
            "end_perf": [
                0.18617598246783018,
                0.068205000000000002,
                0.035104999999999997,
                173724,
                185864
            ],
            "nMops": 449,
            "nQuads": 213
        },
        "...MASTER...": {
            "start_perf": [
                0.17567298247013241,
                0.063397999999999996,
                0.033179,
                172676,
                185864,
                1669022036.693207
            ],
            "end_perf": [
                0.18217698240187019,
                0.065211000000000005,
                0.034110000000000001,
                173576,
                185864
            ],
            "nMops": 0,
            "nQuads": 0
        },
        "testbench": {
            "Compiled Times": 5,
            "start_perf": [
                0.18624898244161159,
                0.068252999999999994,
                0.035130000000000002,
                173724,
                185864,
                1669022036.703783
            ],
            "Compiled": "Yes",
            "end_perf": [
                0.19047998241148889,
                0.072413000000000005,
                0.035201000000000003,
                174004,
                185864
            ],
            "nMops": 487,
            "nQuads": 441
        }
    },
    "CompUnits": {},
    "reusePaths": {
        "amcQw_d": {
            "icPath": "csrc"
        },
        "iAVhC_d": {
            "icPath": "csrc"
        },
        "reYIK_d": {
            "icPath": "csrc"
        }
    },
    "ObjArchives": [
        {
            "size": 42828,
            "archive": "archive.19/_94840_archive_1.a",
            "objects": [
                [
                    "amcQwB.o",
                    42828
                ]
            ]
        }
    ],
    "stat": {
        "peak_mem_kb": 185864,
        "ru_self_end": {
            "ru_nvcsw": 26,
            "ru_stime_sec": 0.037201999999999999,
            "ru_utime_sec": 0.075410000000000005,
            "ru_nivcsw": 50,
            "ru_minflt": 19346,
            "ru_maxrss_kb": 59312,
            "ru_majflt": 0
        },
        "ru_childs_end": {
            "ru_nvcsw": 1,
            "ru_stime_sec": 0.0018779999999999999,
            "ru_utime_sec": 0.0018779999999999999,
            "ru_nivcsw": 2,
            "ru_minflt": 585,
            "ru_maxrss_kb": 13668,
            "ru_majflt": 0
        }
    }
}